ip,count,region,country
64.62.145.98,414,California,United States
210.118.169.20,410,Gangwon-do,Korea
210.116.59.164,179,Seoul,Korea
4.152.207.238,94,New Jersey,United States
210.51.12.238,92,Beijing,China
64.122.238.114,91,Minnesota,United States
220.170.88.36,63,Hunan,China
222.95.35.200,51,Jiangsu,China
4.152.207.126,46,New Jersey,United States
210.127.248.52,46,Seoul,Korea
216.105.210.91,45,Wisconsin,United States
66.99.250.98,42,Illinois,United States
66.173.230.27,40,Virginia,United States
222.95.32.114,38,Jiangsu,China
61.166.155.162,38,Yunnan,China
61.178.79.227,34,Gansu,China
63.202.179.73,32,New York,United States
67.162.217.35,32,Arkansas,United States
216.171.174.124,28,California,United States
211.229.45.67,23,Gyeonggi-do,Korea
82.229.169.73,23,Île-de-France,France
69.86.160.253,23,New York,United States
65.117.45.251,23,Minnesota,United States
220.95.232.60,23,Gyeonggi-do,Korea
217.162.121.21,23,Aargau,Switzerland
4.249.111.162,23,New Jersey,United States
220.95.231.3,23,Gyeonggi-do,Korea
61.81.96.175,23,Gyeonggi-do,Korea
219.245.156.12,23,Shaanxi,China
148.245.28.39,21,Jalisco,Mexico
24.18.186.248,16,California,United States
172.169.6.104,16,New Jersey,United States
220.28.212.176,16,Tokyo,Japan
60.248.26.50,16,Taiwan,Taiwan
69.86.164.233,16,New York,United States
221.184.100.13,16,Yamagata,Japan
67.181.19.171,16,California,United States
69.233.130.234,16,Virginia,United States
211.59.0.204,16,Seoul,Korea
211.211.4.51,16,Seoul,Korea
81.193.64.246,16,Lisbon,Portugal
61.235.189.106,16,Beijing,China
24.19.201.156,16,Washington,United States
69.153.13.148,16,Texas,United States
201.129.65.141,16,Mexico City,Mexico
172.155.203.99,16,New Jersey,United States
24.5.169.95,16,California,United States
69.210.209.141,16,Ohio,United States
68.55.90.67,16,Michigan,United States
24.107.54.128,16,Missouri,United States
221.234.48.249,16,Hubei,China
24.99.140.64,16,Georgia,United States
69.229.28.252,16,California,United States
211.59.0.40,16,Seoul,Korea
67.162.253.25,16,Delaware,United States
60.248.32.153,16,Taiwan,Taiwan
203.112.195.156,16,Dhaka,Bangladesh
61.219.99.89,16,Taiwan,Taiwan
221.189.148.73,16,Miyagi,Japan
211.200.172.163,16,Gyeonggi-do,Korea
82.154.66.15,16,Lisbon,Portugal
67.162.65.157,16,Illinois,United States
68.233.81.168,16,California,United States
69.158.2.56,15,Ontario,Canada
24.60.73.107,15,Massachusetts,United States
212.203.66.69,13,Zurich,Switzerland
194.225.176.4,12,Tehrān,Iran
201.130.217.132,11,Jalisco,Mexico
80.161.21.71,11,Capital Region,Denmark
222.95.39.192,9,Jiangsu,China
218.28.40.100,8,Henan,China
222.95.35.165,8,Jiangsu,China
218.7.163.19,7,Heilongjiang,China
211.22.73.68,6,Taiwan,Taiwan
61.157.206.11,5,Sichuan,China
63.226.106.228,5,Utah,United States
81.6.250.202,4,England,United Kingdom
60.210.131.23,4,Shandong,China
200.87.201.251,4,La Paz,Bolivia
67.133.116.245,4,California,United States
65.96.54.37,4,Massachusetts,United States
63.102.226.241,4,Pennsylvania,United States
219.153.10.142,3,Chongqing,China
211.144.162.173,3,Beijing,China
61.30.127.4,3,Taiwan,Taiwan
63.245.85.123,3,Virginia,United States
65.163.207.149,3,Texas,United States
221.210.34.10,3,Beijing,China
204.76.166.50,3,New York,United States
146.184.4.59,3,California,United States
35.11.228.62,3,Michigan,United States
218.78.209.77,2,Shanghai,China
219.153.10.140,2,Chongqing,China
218.78.209.75,2,Shanghai,China
143.127.131.4,2,New Jersey,United States
64.85.244.116,2,Washington,United States
68.214.68.216,2,Florida,United States
202.253.200.65,2,Ehime,Japan
67.176.32.32,2,Colorado,United States
222.95.34.31,2,Jiangsu,China
